{
  "version": 1,
  "author": "JULIAN ANDRES AVENDAÑO OTALORA",
  "editor": "wokwi",
  "parts": [
    { "type": "wokwi-breadboard", "id": "bb1", "top": -41.4, "left": -160.4, "attrs": {} },
    { "type": "wokwi-breadboard", "id": "bb2", "top": 160.2, "left": -160.4, "attrs": {} },
    {
      "type": "wokwi-esp32-devkit-v1",
      "id": "esp",
      "top": 61.7,
      "left": -131.4,
      "rotate": 90,
      "attrs": { "env": "micropython-20220618-v1.19.1" }
    },
    {
      "type": "wokwi-hc-sr04",
      "id": "ultrasonic1",
      "top": -84.9,
      "left": 15.1,
      "attrs": { "distance": "253" }
    },
    { "type": "wokwi-led", "id": "led1", "top": 236.4, "left": 215, "attrs": { "color": "red" } },
    {
      "type": "wokwi-led",
      "id": "led2",
      "top": 236.4,
      "left": 195.8,
      "attrs": { "color": "green" }
    },
    { "type": "wokwi-servo", "id": "servo1", "top": 49.57, "left": 500.33, "attrs": {} },
    { "type": "wokwi-potentiometer", "id": "pot1", "top": -58.9, "left": 278.2, "attrs": {} }
  ],
  "connections": [
    [ "esp:TX0", "$serialMonitor:RX", "", [] ],
    [ "esp:RX0", "$serialMonitor:TX", "", [] ],
    [ "bb1:1b.f", "bb1:tp.1", "red", [ "v0" ] ],
    [ "bb1:2b.f", "bb1:tn.1", "black", [ "v0" ] ],
    [ "bb2:1t.e", "bb2:bp.1", "red", [ "v0" ] ],
    [ "bb2:2t.e", "bb2:bn.1", "black", [ "v0" ] ],
    [ "bb1:24t.e", "bb1:tp.11", "red", [ "v7.88", "h-85.75" ] ],
    [ "bb1:27t.e", "bb1:tn.12", "black", [ "v8.75", "h-105.83" ] ],
    [ "bb1:25t.e", "bb2:5t.e", "blue", [ "v0" ] ],
    [ "bb1:26t.e", "bb2:8t.d", "gray", [ "v0" ] ],
    [ "bb2:37b.j", "bb2:bn.30", "black", [ "v0" ] ],
    [ "bb2:39b.j", "bb2:bn.31", "black", [ "v0" ] ],
    [ "bb2:38b.j", "bb2:10t.c", "green", [ "v0" ] ],
    [ "bb2:40b.j", "bb2:11t.b", "red", [ "v0" ] ],
    [ "servo1:GND", "bb1:tn.50", "black", [ "h0.52", "v-117.12" ] ],
    [ "servo1:V+", "bb1:tp.50", "red", [ "h1.81", "v-143.51" ] ],
    [ "servo1:PWM", "esp:D32", "purple", [ "h0" ] ],
    [ "bb1:47t.e", "bb1:tn.35", "black", [ "v10.75", "h-31.83" ] ],
    [ "bb1:49t.e", "bb1:tp.42", "red", [ "v10.75", "h28.71" ] ],
    [ "bb1:48t.e", "bb1:8b.f", "orange", [ "v0" ] ],
    [ "ultrasonic1:VCC", "bb1:24t.a", "", [ "$bb" ] ],
    [ "ultrasonic1:TRIG", "bb1:25t.a", "", [ "$bb" ] ],
    [ "ultrasonic1:ECHO", "bb1:26t.a", "", [ "$bb" ] ],
    [ "ultrasonic1:GND", "bb1:27t.a", "", [ "$bb" ] ],
    [ "led1:A", "bb2:40b.f", "", [ "$bb" ] ],
    [ "led1:C", "bb2:39b.f", "", [ "$bb" ] ],
    [ "led2:A", "bb2:38b.f", "", [ "$bb" ] ],
    [ "led2:C", "bb2:37b.f", "", [ "$bb" ] ],
    [ "pot1:GND", "bb1:47t.a", "", [ "$bb" ] ],
    [ "pot1:SIG", "bb1:48t.a", "", [ "$bb" ] ],
    [ "pot1:VCC", "bb1:49t.a", "", [ "$bb" ] ],
    [ "esp:VIN", "bb1:1b.j", "", [ "$bb" ] ],
    [ "esp:GND.2", "bb1:2b.j", "", [ "$bb" ] ],
    [ "esp:D13", "bb1:3b.j", "", [ "$bb" ] ],
    [ "esp:D12", "bb1:4b.j", "", [ "$bb" ] ],
    [ "esp:D14", "bb1:5b.j", "", [ "$bb" ] ],
    [ "esp:D27", "bb1:6b.j", "", [ "$bb" ] ],
    [ "esp:D26", "bb1:7b.j", "", [ "$bb" ] ],
    [ "esp:D25", "bb1:8b.j", "", [ "$bb" ] ],
    [ "esp:D33", "bb1:9b.j", "", [ "$bb" ] ],
    [ "esp:D32", "bb1:10b.j", "", [ "$bb" ] ],
    [ "esp:D35", "bb1:11b.j", "", [ "$bb" ] ],
    [ "esp:D34", "bb1:12b.j", "", [ "$bb" ] ],
    [ "esp:VN", "bb1:13b.j", "", [ "$bb" ] ],
    [ "esp:VP", "bb1:14b.j", "", [ "$bb" ] ],
    [ "esp:EN", "bb1:15b.j", "", [ "$bb" ] ],
    [ "esp:3V3", "bb2:1t.a", "", [ "$bb" ] ],
    [ "esp:GND.1", "bb2:2t.a", "", [ "$bb" ] ],
    [ "esp:D15", "bb2:3t.a", "", [ "$bb" ] ],
    [ "esp:D2", "bb2:4t.a", "", [ "$bb" ] ],
    [ "esp:D4", "bb2:5t.a", "", [ "$bb" ] ],
    [ "esp:RX2", "bb2:6t.a", "", [ "$bb" ] ],
    [ "esp:TX2", "bb2:7t.a", "", [ "$bb" ] ],
    [ "esp:D5", "bb2:8t.a", "", [ "$bb" ] ],
    [ "esp:D18", "bb2:9t.a", "", [ "$bb" ] ],
    [ "esp:D19", "bb2:10t.a", "", [ "$bb" ] ],
    [ "esp:D21", "bb2:11t.a", "", [ "$bb" ] ],
    [ "esp:RX0", "bb2:12t.a", "", [ "$bb" ] ],
    [ "esp:TX0", "bb2:13t.a", "", [ "$bb" ] ],
    [ "esp:D22", "bb2:14t.a", "", [ "$bb" ] ],
    [ "esp:D23", "bb2:15t.a", "", [ "$bb" ] ]
  ],
  "dependencies": {}
}